{
  "total_return": 0.7981256282770017,
  "cagr": 0.06587918235407297,
  "maximum_drawdown": -0.2084968996624297,
  "sharpe": 0.3793813635158397,
  "calmar": 0.3159719998749897,
  "turnover": 480.00165109088067,
  "sell_win_rate": 0.7371231155778895,
  "maximum_recovery_sessions": 1475,
  "trade_count": 11989
}