{
  "total_return": 0.10022367854914663,
  "cagr": 0.01043670266941188,
  "maximum_drawdown": -0.263879161593517,
  "sharpe": 0.14464586472424437,
  "calmar": 0.03955106802062952,
  "turnover": 487.60758706385025,
  "sell_win_rate": 0.7391987431264729,
  "maximum_recovery_sessions": 1613,
  "trade_count": 11941
}