{
  "total_return": 0.8321411489030813,
  "cagr": 0.0680324727775623,
  "maximum_drawdown": -0.24772594451303234,
  "sharpe": 0.5116945393081546,
  "calmar": 0.2746279680608232,
  "turnover": 69.82607793953525,
  "sell_win_rate": 0.7146341463414634,
  "maximum_recovery_sessions": 911,
  "trade_count": 714
}